symbol,name,index_code,index_name,as_of_date,exchange
000012,南  玻A,000852,中证1000,2026-04-28,深圳证券交易所
000019,深粮控股,000852,中证1000,2026-04-28,深圳证券交易所
000028,国药一致,000852,中证1000,2026-04-28,深圳证券交易所
000029,深深房A,000852,中证1000,2026-04-28,深圳证券交易所
000030,富奥股份,000852,中证1000,2026-04-28,深圳证券交易所
000035,中国天楹,000852,中证1000,2026-04-28,深圳证券交易所
000048,京基智农,000852,中证1000,2026-04-28,深圳证券交易所
000049,德赛电池,000852,中证1000,2026-04-28,深圳证券交易所
000058,深赛格,000852,中证1000,2026-04-28,深圳证券交易所
000059,华锦股份,000852,中证1000,2026-04-28,深圳证券交易所
000061,农 产 品,000852,中证1000,2026-04-28,深圳证券交易所
000065,北方国际,000852,中证1000,2026-04-28,深圳证券交易所
000089,深圳机场,000852,中证1000,2026-04-28,深圳证券交易所
000099,中信海直,000852,中证1000,2026-04-28,深圳证券交易所
000156,华数传媒,000852,中证1000,2026-04-28,深圳证券交易所
000403,派林生物,000852,中证1000,2026-04-28,深圳证券交易所
000420,吉林化纤,000852,中证1000,2026-04-28,深圳证券交易所
000422,湖北宜化,000852,中证1000,2026-04-28,深圳证券交易所
000498,山东路桥,000852,中证1000,2026-04-28,深圳证券交易所
000503,国新健康,000852,中证1000,2026-04-28,深圳证券交易所
000543,皖能电力,000852,中证1000,2026-04-28,深圳证券交易所
000550,江铃汽车,000852,中证1000,2026-04-28,深圳证券交易所
000552,甘肃能化,000852,中证1000,2026-04-28,深圳证券交易所
000555,神州信息,000852,中证1000,2026-04-28,深圳证券交易所
000557,西部创业,000852,中证1000,2026-04-28,深圳证券交易所
000567,海德股份,000852,中证1000,2026-04-28,深圳证券交易所
000581,威孚高科,000852,中证1000,2026-04-28,深圳证券交易所
000589,贵州轮胎,000852,中证1000,2026-04-28,深圳证券交易所
000597,东北制药,000852,中证1000,2026-04-28,深圳证券交易所
000600,建投能源,000852,中证1000,2026-04-28,深圳证券交易所
000603,盛达资源,000852,中证1000,2026-04-28,深圳证券交易所
000612,焦作万方,000852,中证1000,2026-04-28,深圳证券交易所
000620,盈新发展,000852,中证1000,2026-04-28,深圳证券交易所
000628,高新发展,000852,中证1000,2026-04-28,深圳证券交易所
000636,风华高科,000852,中证1000,2026-04-28,深圳证券交易所
000650,仁和药业,000852,中证1000,2026-04-28,深圳证券交易所
000672,上峰水泥,000852,中证1000,2026-04-28,深圳证券交易所
000676,智度股份,000852,中证1000,2026-04-28,深圳证券交易所
000680,山推股份,000852,中证1000,2026-04-28,深圳证券交易所
000681,视觉中国,000852,中证1000,2026-04-28,深圳证券交易所
000682,东方电子,000852,中证1000,2026-04-28,深圳证券交易所
000685,中山公用,000852,中证1000,2026-04-28,深圳证券交易所
000686,东北证券,000852,中证1000,2026-04-28,深圳证券交易所
000688,国城矿业,000852,中证1000,2026-04-28,深圳证券交易所
000690,宝新能源,000852,中证1000,2026-04-28,深圳证券交易所
000712,锦龙股份,000852,中证1000,2026-04-28,深圳证券交易所
000719,中原传媒,000852,中证1000,2026-04-28,深圳证券交易所
000727,冠捷科技,000852,中证1000,2026-04-28,深圳证券交易所
000737,北方铜业,000852,中证1000,2026-04-28,深圳证券交易所
000756,新华制药,000852,中证1000,2026-04-28,深圳证券交易所
000758,中色股份,000852,中证1000,2026-04-28,深圳证券交易所
000761,本钢板材,000852,中证1000,2026-04-28,深圳证券交易所
000762,西藏矿业,000852,中证1000,2026-04-28,深圳证券交易所
000766,通化金马,000852,中证1000,2026-04-28,深圳证券交易所
000767,晋控电力,000852,中证1000,2026-04-28,深圳证券交易所
000778,新兴铸管,000852,中证1000,2026-04-28,深圳证券交易所
000791,甘肃能源,000852,中证1000,2026-04-28,深圳证券交易所
000795,英洛华,000852,中证1000,2026-04-28,深圳证券交易所
000801,四川九洲,000852,中证1000,2026-04-28,深圳证券交易所
000810,创维数字,000852,中证1000,2026-04-28,深圳证券交易所
000811,冰轮环境,000852,中证1000,2026-04-28,深圳证券交易所
000813,德展健康,000852,中证1000,2026-04-28,深圳证券交易所
000828,东莞控股,000852,中证1000,2026-04-28,深圳证券交易所
000829,天音控股,000852,中证1000,2026-04-28,深圳证券交易所
000833,粤桂股份,000852,中证1000,2026-04-28,深圳证券交易所
000837,秦川机床,000852,中证1000,2026-04-28,深圳证券交易所
000848,承德露露,000852,中证1000,2026-04-28,深圳证券交易所
000860,顺鑫农业,000852,中证1000,2026-04-28,深圳证券交易所
000875,电投绿能,000852,中证1000,2026-04-28,深圳证券交易所
000880,潍柴重机,000852,中证1000,2026-04-28,深圳证券交易所
000885,城发环境,000852,中证1000,2026-04-28,深圳证券交易所
000899,赣能股份,000852,中证1000,2026-04-28,深圳证券交易所
000901,航天科技,000852,中证1000,2026-04-28,深圳证券交易所
000902,新洋丰,000852,中证1000,2026-04-28,深圳证券交易所
000913,钱江摩托,000852,中证1000,2026-04-28,深圳证券交易所
000917,电广传媒,000852,中证1000,2026-04-28,深圳证券交易所
000923,河钢资源,000852,中证1000,2026-04-28,深圳证券交易所
000927,中国铁物,000852,中证1000,2026-04-28,深圳证券交易所
000928,中钢国际,000852,中证1000,2026-04-28,深圳证券交易所
000930,中粮科技,000852,中证1000,2026-04-28,深圳证券交易所
000935,四川双马,000852,中证1000,2026-04-28,深圳证券交易所
000950,重药控股,000852,中证1000,2026-04-28,深圳证券交易所
000966,长源电力,000852,中证1000,2026-04-28,深圳证券交易所
000969,安泰科技,000852,中证1000,2026-04-28,深圳证券交易所
000970,中科三环,000852,中证1000,2026-04-28,深圳证券交易所
000990,诚志股份,000852,中证1000,2026-04-28,深圳证券交易所
001203,大中矿业,000852,中证1000,2026-04-28,深圳证券交易所
001227,兰州银行,000852,中证1000,2026-04-28,深圳证券交易所
001236,弘业期货,000852,中证1000,2026-04-28,深圳证券交易所
001287,中电港,000852,中证1000,2026-04-28,深圳证券交易所
001301,尚太科技,000852,中证1000,2026-04-28,深圳证券交易所
001308,康冠科技,000852,中证1000,2026-04-28,深圳证券交易所
001309,德明利,000852,中证1000,2026-04-28,深圳证券交易所
001337,四川黄金,000852,中证1000,2026-04-28,深圳证券交易所
001339,智微智能,000852,中证1000,2026-04-28,深圳证券交易所
001356,富岭股份,000852,中证1000,2026-04-28,深圳证券交易所
001914,招商积余,000852,中证1000,2026-04-28,深圳证券交易所
002003,伟星股份,000852,中证1000,2026-04-28,深圳证券交易所
002004,华邦健康,000852,中证1000,2026-04-28,深圳证券交易所
002006,精工科技,000852,中证1000,2026-04-28,深圳证券交易所
002010,传化智联,000852,中证1000,2026-04-28,深圳证券交易所
002011,盾安环境,000852,中证1000,2026-04-28,深圳证券交易所
002015,协鑫能科,000852,中证1000,2026-04-28,深圳证券交易所
002017,东信和平,000852,中证1000,2026-04-28,深圳证券交易所
002019,亿帆医药,000852,中证1000,2026-04-28,深圳证券交易所
002020,京新药业,000852,中证1000,2026-04-28,深圳证券交易所
002023,海特高新,000852,中证1000,2026-04-28,深圳证券交易所
002036,联创电子,000852,中证1000,2026-04-28,深圳证券交易所
002038,双鹭药业,000852,中证1000,2026-04-28,深圳证券交易所
002041,登海种业,000852,中证1000,2026-04-28,深圳证券交易所
002043,兔宝宝,000852,中证1000,2026-04-28,深圳证券交易所
002045,国光电器,000852,中证1000,2026-04-28,深圳证券交易所
002046,国机精工,000852,中证1000,2026-04-28,深圳证券交易所
002048,宁波华翔,000852,中证1000,2026-04-28,深圳证券交易所
002051,中工国际,000852,中证1000,2026-04-28,深圳证券交易所
002053,云南能投,000852,中证1000,2026-04-28,深圳证券交易所
002060,广东建工,000852,中证1000,2026-04-28,深圳证券交易所
002061,浙江交科,000852,中证1000,2026-04-28,深圳证券交易所
002063,远光软件,000852,中证1000,2026-04-28,深圳证券交易所
002068,黑猫股份,000852,中证1000,2026-04-28,深圳证券交易所
002073,软控股份,000852,中证1000,2026-04-28,深圳证券交易所
002075,沙钢股份,000852,中证1000,2026-04-28,深圳证券交易所
002077,大港股份,000852,中证1000,2026-04-28,深圳证券交易所
002079,苏州固锝,000852,中证1000,2026-04-28,深圳证券交易所
002081,金螳螂,000852,中证1000,2026-04-28,深圳证券交易所
002091,江苏国泰,000852,中证1000,2026-04-28,深圳证券交易所
002093,国脉科技,000852,中证1000,2026-04-28,深圳证券交易所
002096,易普力,000852,中证1000,2026-04-28,深圳证券交易所
002097,山河智能,000852,中证1000,2026-04-28,深圳证券交易所
002099,海翔药业,000852,中证1000,2026-04-28,深圳证券交易所
002100,天康生物,000852,中证1000,2026-04-28,深圳证券交易所
002101,广东鸿图,000852,中证1000,2026-04-28,深圳证券交易所
002104,恒宝股份,000852,中证1000,2026-04-28,深圳证券交易所
002110,三钢闽光,000852,中证1000,2026-04-28,深圳证券交易所
002123,梦网科技,000852,中证1000,2026-04-28,深圳证券交易所
002125,湘潭电化,000852,中证1000,2026-04-28,深圳证券交易所
002127,南极电商,000852,中证1000,2026-04-28,深圳证券交易所
002139,拓邦股份,000852,中证1000,2026-04-28,深圳证券交易所
002145,钛能化学,000852,中证1000,2026-04-28,深圳证券交易所
002149,西部材料,000852,中证1000,2026-04-28,深圳证券交易所
002151,北斗星通,000852,中证1000,2026-04-28,深圳证券交易所
002158,汉钟精机,000852,中证1000,2026-04-28,深圳证券交易所
002163,海南发展,000852,中证1000,2026-04-28,深圳证券交易所
002170,芭田股份,000852,中证1000,2026-04-28,深圳证券交易所
002171,楚江新材,000852,中证1000,2026-04-28,深圳证券交易所
002174,游族网络,000852,中证1000,2026-04-28,深圳证券交易所
002176,江特电机,000852,中证1000,2026-04-28,深圳证券交易所
002182,宝武镁业,000852,中证1000,2026-04-28,深圳证券交易所
002183,怡亚通,000852,中证1000,2026-04-28,深圳证券交易所
002192,融捷股份,000852,中证1000,2026-04-28,深圳证券交易所
002194,武汉凡谷,000852,中证1000,2026-04-28,深圳证券交易所
002204,大连重工,000852,中证1000,2026-04-28,深圳证券交易所
002212,天融信,000852,中证1000,2026-04-28,深圳证券交易所
002215,诺普信,000852,中证1000,2026-04-28,深圳证券交易所
002216,三全食品,000852,中证1000,2026-04-28,深圳证券交易所
002219,新里程,000852,中证1000,2026-04-28,深圳证券交易所
002221,东华能源,000852,中证1000,2026-04-28,深圳证券交易所
002222,福晶科技,000852,中证1000,2026-04-28,深圳证券交易所
002226,江南化工,000852,中证1000,2026-04-28,深圳证券交易所
002233,塔牌集团,000852,中证1000,2026-04-28,深圳证券交易所
002237,恒邦股份,000852,中证1000,2026-04-28,深圳证券交易所
002239,奥特佳,000852,中证1000,2026-04-28,深圳证券交易所
002242,九阳股份,000852,中证1000,2026-04-28,深圳证券交易所
002243,力合科创,000852,中证1000,2026-04-28,深圳证券交易所
002245,蔚蓝锂芯,000852,中证1000,2026-04-28,深圳证券交易所
002249,大洋电机,000852,中证1000,2026-04-28,深圳证券交易所
002251,步步高,000852,中证1000,2026-04-28,深圳证券交易所
002254,泰和新材,000852,中证1000,2026-04-28,深圳证券交易所
002258,利尔化学,000852,中证1000,2026-04-28,深圳证券交易所
002267,陕天然气,000852,中证1000,2026-04-28,深圳证券交易所
002268,电科网安,000852,中证1000,2026-04-28,深圳证券交易所
002270,华明装备,000852,中证1000,2026-04-28,深圳证券交易所
002275,桂林三金,000852,中证1000,2026-04-28,深圳证券交易所
002276,万马股份,000852,中证1000,2026-04-28,深圳证券交易所
002287,奇正藏药,000852,中证1000,2026-04-28,深圳证券交易所
002292,奥飞娱乐,000852,中证1000,2026-04-28,深圳证券交易所
002302,西部建设,000852,中证1000,2026-04-28,深圳证券交易所
002315,焦点科技,000852,中证1000,2026-04-28,深圳证券交易所
002317,众生药业,000852,中证1000,2026-04-28,深圳证券交易所
002320,海峡股份,000852,中证1000,2026-04-28,深圳证券交易所
002324,普利特,000852,中证1000,2026-04-28,深圳证券交易所
002326,永太科技,000852,中证1000,2026-04-28,深圳证券交易所
002332,仙琚制药,000852,中证1000,2026-04-28,深圳证券交易所
002338,奥普光电,000852,中证1000,2026-04-28,深圳证券交易所
002345,潮宏基,000852,中证1000,2026-04-28,深圳证券交易所
002351,漫步者,000852,中证1000,2026-04-28,深圳证券交易所
002354,天娱数科,000852,中证1000,2026-04-28,深圳证券交易所
002364,中恒电气,000852,中证1000,2026-04-28,深圳证券交易所
002368,太极股份,000852,中证1000,2026-04-28,深圳证券交易所
002373,千方科技,000852,中证1000,2026-04-28,深圳证券交易所
002378,章源钨业,000852,中证1000,2026-04-28,深圳证券交易所
002389,航天彩虹,000852,中证1000,2026-04-28,深圳证券交易所
002390,信邦制药,000852,中证1000,2026-04-28,深圳证券交易所
002396,星网锐捷,000852,中证1000,2026-04-28,深圳证券交易所
002399,海普瑞,000852,中证1000,2026-04-28,深圳证券交易所
002400,省广集团,000852,中证1000,2026-04-28,深圳证券交易所
002405,四维图新,000852,中证1000,2026-04-28,深圳证券交易所
002408,齐翔腾达,000852,中证1000,2026-04-28,深圳证券交易所
002416,爱施德,000852,中证1000,2026-04-28,深圳证券交易所
002421,达实智能,000852,中证1000,2026-04-28,深圳证券交易所
002428,云南锗业,000852,中证1000,2026-04-28,深圳证券交易所
002434,万里扬,000852,中证1000,2026-04-28,深圳证券交易所
002456,欧菲光,000852,中证1000,2026-04-28,深圳证券交易所
002458,益生股份,000852,中证1000,2026-04-28,深圳证券交易所
002468,申通快递,000852,中证1000,2026-04-28,深圳证券交易所
002484,江海股份,000852,中证1000,2026-04-28,深圳证券交易所
002487,大金重工,000852,中证1000,2026-04-28,深圳证券交易所
002488,金固股份,000852,中证1000,2026-04-28,深圳证券交易所
002489,浙江永强,000852,中证1000,2026-04-28,深圳证券交易所
002497,雅化集团,000852,中证1000,2026-04-28,深圳证券交易所
002498,汉缆股份,000852,中证1000,2026-04-28,深圳证券交易所
002506,协鑫集成,000852,中证1000,2026-04-28,深圳证券交易所
002507,涪陵榨菜,000852,中证1000,2026-04-28,深圳证券交易所
002511,中顺洁柔,000852,中证1000,2026-04-28,深圳证券交易所
002516,旷达科技,000852,中证1000,2026-04-28,深圳证券交易所
002518,科士达,000852,中证1000,2026-04-28,深圳证券交易所
002531,天顺风能,000852,中证1000,2026-04-28,深圳证券交易所
002534,西子洁能,000852,中证1000,2026-04-28,深圳证券交易所
002536,飞龙股份,000852,中证1000,2026-04-28,深圳证券交易所
002537,海联金汇,000852,中证1000,2026-04-28,深圳证券交易所
002539,云图控股,000852,中证1000,2026-04-28,深圳证券交易所
002541,鸿路钢构,000852,中证1000,2026-04-28,深圳证券交易所
002543,万和电气,000852,中证1000,2026-04-28,深圳证券交易所
002544,普天科技,000852,中证1000,2026-04-28,深圳证券交易所
002545,东方铁塔,000852,中证1000,2026-04-28,深圳证券交易所
002550,千红制药,000852,中证1000,2026-04-28,深圳证券交易所
002557,洽洽食品,000852,中证1000,2026-04-28,深圳证券交易所
002563,森马服饰,000852,中证1000,2026-04-28,深圳证券交易所
002572,索菲亚,000852,中证1000,2026-04-28,深圳证券交易所
002588,史丹利,000852,中证1000,2026-04-28,深圳证券交易所
002597,金禾实业,000852,中证1000,2026-04-28,深圳证券交易所
002605,姚记科技,000852,中证1000,2026-04-28,深圳证券交易所
002611,东方精工,000852,中证1000,2026-04-28,深圳证券交易所
002612,朗姿股份,000852,中证1000,2026-04-28,深圳证券交易所
002617,露笑科技,000852,中证1000,2026-04-28,深圳证券交易所
002626,金达威,000852,中证1000,2026-04-28,深圳证券交易所
002635,安洁科技,000852,中证1000,2026-04-28,深圳证券交易所
002643,万润股份,000852,中证1000,2026-04-28,深圳证券交易所
002649,博彦科技,000852,中证1000,2026-04-28,深圳证券交易所
002651,利君股份,000852,中证1000,2026-04-28,深圳证券交易所
002654,万润科技,000852,中证1000,2026-04-28,深圳证券交易所
002668,TCL智家,000852,中证1000,2026-04-28,深圳证券交易所
002675,东诚药业,000852,中证1000,2026-04-28,深圳证券交易所
002681,奋达科技,000852,中证1000,2026-04-28,深圳证券交易所
002690,美亚光电,000852,中证1000,2026-04-28,深圳证券交易所
002697,红旗连锁,000852,中证1000,2026-04-28,深圳证券交易所
002698,博实股份,000852,中证1000,2026-04-28,深圳证券交易所
002701,奥瑞金,000852,中证1000,2026-04-28,深圳证券交易所
002705,新宝股份,000852,中证1000,2026-04-28,深圳证券交易所
002706,良信股份,000852,中证1000,2026-04-28,深圳证券交易所
002716,湖南白银,000852,中证1000,2026-04-28,深圳证券交易所
002727,一心堂,000852,中证1000,2026-04-28,深圳证券交易所
002737,葵花药业,000852,中证1000,2026-04-28,深圳证券交易所
002745,木林森,000852,中证1000,2026-04-28,深圳证券交易所
002747,埃斯顿,000852,中证1000,2026-04-28,深圳证券交易所
002755,奥赛康,000852,中证1000,2026-04-28,深圳证券交易所
002761,浙江建投,000852,中证1000,2026-04-28,深圳证券交易所
002777,久远银海,000852,中证1000,2026-04-28,深圳证券交易所
002779,中坚科技,000852,中证1000,2026-04-28,深圳证券交易所
002791,坚朗五金,000852,中证1000,2026-04-28,深圳证券交易所
002807,江阴银行,000852,中证1000,2026-04-28,深圳证券交易所
002815,崇达技术,000852,中证1000,2026-04-28,深圳证券交易所
002832,比音勒芬,000852,中证1000,2026-04-28,深圳证券交易所
002839,张家港行,000852,中证1000,2026-04-28,深圳证券交易所
002840,华统股份,000852,中证1000,2026-04-28,深圳证券交易所
002847,盐津铺子,000852,中证1000,2026-04-28,深圳证券交易所
002859,洁美科技,000852,中证1000,2026-04-28,深圳证券交易所
002867,周大生,000852,中证1000,2026-04-28,深圳证券交易所
002881,美格智能,000852,中证1000,2026-04-28,深圳证券交易所
002882,金龙羽,000852,中证1000,2026-04-28,深圳证券交易所
002891,中宠股份,000852,中证1000,2026-04-28,深圳证券交易所
002892,科力尔,000852,中证1000,2026-04-28,深圳证券交易所
002895,川恒股份,000852,中证1000,2026-04-28,深圳证券交易所
002896,中大力德,000852,中证1000,2026-04-28,深圳证券交易所
002897,意华股份,000852,中证1000,2026-04-28,深圳证券交易所
002901,大博医疗,000852,中证1000,2026-04-28,深圳证券交易所
002906,华阳集团,000852,中证1000,2026-04-28,深圳证券交易所
002911,佛燃能源,000852,中证1000,2026-04-28,深圳证券交易所
002913,奥士康,000852,中证1000,2026-04-28,深圳证券交易所
002925,盈趣科技,000852,中证1000,2026-04-28,深圳证券交易所
002928,华夏航空,000852,中证1000,2026-04-28,深圳证券交易所
002929,润建股份,000852,中证1000,2026-04-28,深圳证券交易所
002936,郑州银行,000852,中证1000,2026-04-28,深圳证券交易所
002941,新疆交建,000852,中证1000,2026-04-28,深圳证券交易所
002946,新乳业,000852,中证1000,2026-04-28,深圳证券交易所
002947,恒铭达,000852,中证1000,2026-04-28,深圳证券交易所
002948,青岛银行,000852,中证1000,2026-04-28,深圳证券交易所
002960,青鸟智控,000852,中证1000,2026-04-28,深圳证券交易所
002965,祥鑫科技,000852,中证1000,2026-04-28,深圳证券交易所
002967,广电计量,000852,中证1000,2026-04-28,深圳证券交易所
002978,安宁股份,000852,中证1000,2026-04-28,深圳证券交易所
002979,雷赛智能,000852,中证1000,2026-04-28,深圳证券交易所
002985,北摩高科,000852,中证1000,2026-04-28,深圳证券交易所
002987,京北方,000852,中证1000,2026-04-28,深圳证券交易所
002993,奥海科技,000852,中证1000,2026-04-28,深圳证券交易所
003006,百亚股份,000852,中证1000,2026-04-28,深圳证券交易所
003012,东鹏控股,000852,中证1000,2026-04-28,深圳证券交易所
003039,顺控发展,000852,中证1000,2026-04-28,深圳证券交易所
300007,汉威科技,000852,中证1000,2026-04-28,深圳证券交易所
300008,天海防务,000852,中证1000,2026-04-28,深圳证券交易所
300009,安科生物,000852,中证1000,2026-04-28,深圳证券交易所
300026,红日药业,000852,中证1000,2026-04-28,深圳证券交易所
300027,华谊兄弟,000852,中证1000,2026-04-28,深圳证券交易所
300031,宝通科技,000852,中证1000,2026-04-28,深圳证券交易所
300034,钢研高纳,000852,中证1000,2026-04-28,深圳证券交易所
300035,中科电气,000852,中证1000,2026-04-28,深圳证券交易所
300036,超图软件,000852,中证1000,2026-04-28,深圳证券交易所
300045,华力创通,000852,中证1000,2026-04-28,深圳证券交易所
300047,天源迪科,000852,中证1000,2026-04-28,深圳证券交易所
300049,福瑞医科,000852,中证1000,2026-04-28,深圳证券交易所
300065,海兰信,000852,中证1000,2026-04-28,深圳证券交易所
300068,南都电源,000852,中证1000,2026-04-28,深圳证券交易所
300075,数字政通,000852,中证1000,2026-04-28,深圳证券交易所
300077,国民技术,000852,中证1000,2026-04-28,深圳证券交易所
300079,数码视讯,000852,中证1000,2026-04-28,深圳证券交易所
300080,易成新能,000852,中证1000,2026-04-28,深圳证券交易所
300083,创世纪,000852,中证1000,2026-04-28,深圳证券交易所
300085,银之杰,000852,中证1000,2026-04-28,深圳证券交易所
300087,荃银高科,000852,中证1000,2026-04-28,深圳证券交易所
300088,长信科技,000852,中证1000,2026-04-28,深圳证券交易所
300098,高新兴,000852,中证1000,2026-04-28,深圳证券交易所
300101,振芯科技,000852,中证1000,2026-04-28,深圳证券交易所
300102,乾照光电,000852,中证1000,2026-04-28,深圳证券交易所
300113,顺网科技,000852,中证1000,2026-04-28,深圳证券交易所
300119,瑞普生物,000852,中证1000,2026-04-28,深圳证券交易所
300127,银河磁体,000852,中证1000,2026-04-28,深圳证券交易所
300130,新国都,000852,中证1000,2026-04-28,深圳证券交易所
300131,英唐智控,000852,中证1000,2026-04-28,深圳证券交易所
300133,华策影视,000852,中证1000,2026-04-28,深圳证券交易所
300134,大富科技,000852,中证1000,2026-04-28,深圳证券交易所
300151,昌红科技,000852,中证1000,2026-04-28,深圳证券交易所
300166,东方国信,000852,中证1000,2026-04-28,深圳证券交易所
300170,汉得信息,000852,中证1000,2026-04-28,深圳证券交易所
300171,东富龙,000852,中证1000,2026-04-28,深圳证券交易所
300180,华峰超纤,000852,中证1000,2026-04-28,深圳证券交易所
300181,佐力药业,000852,中证1000,2026-04-28,深圳证券交易所
300182,捷成股份,000852,中证1000,2026-04-28,深圳证券交易所
300183,东软载波,000852,中证1000,2026-04-28,深圳证券交易所
300184,力源信息,000852,中证1000,2026-04-28,深圳证券交易所
300185,通裕重工,000852,中证1000,2026-04-28,深圳证券交易所
300188,国投智能,000852,中证1000,2026-04-28,深圳证券交易所
300199,翰宇药业,000852,中证1000,2026-04-28,深圳证券交易所
300224,正海磁材,000852,中证1000,2026-04-28,深圳证券交易所
300226,上海钢联,000852,中证1000,2026-04-28,深圳证券交易所
300229,拓尔思,000852,中证1000,2026-04-28,深圳证券交易所
300232,洲明科技,000852,中证1000,2026-04-28,深圳证券交易所
300236,上海新阳,000852,中证1000,2026-04-28,深圳证券交易所
300244,迪安诊断,000852,中证1000,2026-04-28,深圳证券交易所
300253,卫宁健康,000852,中证1000,2026-04-28,深圳证券交易所
300257,开山股份,000852,中证1000,2026-04-28,深圳证券交易所
300260,新莱应材,000852,中证1000,2026-04-28,深圳证券交易所
300276,三丰智能,000852,中证1000,2026-04-28,深圳证券交易所
300284,苏交科,000852,中证1000,2026-04-28,深圳证券交易所
300294,博雅生物,000852,中证1000,2026-04-28,深圳证券交易所
300296,利亚德,000852,中证1000,2026-04-28,深圳证券交易所
300298,三诺生物,000852,中证1000,2026-04-28,深圳证券交易所
300303,聚飞光电,000852,中证1000,2026-04-28,深圳证券交易所
300315,掌趣科技,000852,中证1000,2026-04-28,深圳证券交易所
300319,麦捷科技,000852,中证1000,2026-04-28,深圳证券交易所
300323,华灿光电,000852,中证1000,2026-04-28,深圳证券交易所
300327,中颖电子,000852,中证1000,2026-04-28,深圳证券交易所
300337,银邦股份,000852,中证1000,2026-04-28,深圳证券交易所
300341,麦克奥迪,000852,中证1000,2026-04-28,深圳证券交易所
300348,长亮科技,000852,中证1000,2026-04-28,深圳证券交易所
300352,北信源,000852,中证1000,2026-04-28,深圳证券交易所
300357,我武生物,000852,中证1000,2026-04-28,深圳证券交易所
300360,炬华科技,000852,中证1000,2026-04-28,深圳证券交易所
300363,博腾股份,000852,中证1000,2026-04-28,深圳证券交易所
300378,鼎捷数智,000852,中证1000,2026-04-28,深圳证券交易所
300398,飞凯材料,000852,中证1000,2026-04-28,深圳证券交易所
300401,花园生物,000852,中证1000,2026-04-28,深圳证券交易所
300406,九强生物,000852,中证1000,2026-04-28,深圳证券交易所
300409,道氏技术,000852,中证1000,2026-04-28,深圳证券交易所
300415,伊之密,000852,中证1000,2026-04-28,深圳证券交易所
300416,苏试试验,000852,中证1000,2026-04-28,深圳证券交易所
300428,立中集团,000852,中证1000,2026-04-28,深圳证券交易所
300438,鹏辉能源,000852,中证1000,2026-04-28,深圳证券交易所
300443,金雷股份,000852,中证1000,2026-04-28,深圳证券交易所
300446,航天智造,000852,中证1000,2026-04-28,深圳证券交易所
300451,创业慧康,000852,中证1000,2026-04-28,深圳证券交易所
300455,航天智装,000852,中证1000,2026-04-28,深圳证券交易所
300456,赛微电子,000852,中证1000,2026-04-28,深圳证券交易所
300457,赢合科技,000852,中证1000,2026-04-28,深圳证券交易所
300459,汤姆猫,000852,中证1000,2026-04-28,深圳证券交易所
300463,迈克生物,000852,中证1000,2026-04-28,深圳证券交易所
300468,四方精创,000852,中证1000,2026-04-28,深圳证券交易所
300470,中密控股,000852,中证1000,2026-04-28,深圳证券交易所
300475,香农芯创,000852,中证1000,2026-04-28,深圳证券交易所
300482,万孚生物,000852,中证1000,2026-04-28,深圳证券交易所
300492,华图山鼎,000852,中证1000,2026-04-28,深圳证券交易所
300493,润欣科技,000852,中证1000,2026-04-28,深圳证券交易所
300525,博思软件,000852,中证1000,2026-04-28,深圳证券交易所
300548,长芯博创,000852,中证1000,2026-04-28,深圳证券交易所
300568,星源材质,000852,中证1000,2026-04-28,深圳证券交易所
300573,兴齐眼药,000852,中证1000,2026-04-28,深圳证券交易所
300576,容大感光,000852,中证1000,2026-04-28,深圳证券交易所
300579,数字认证,000852,中证1000,2026-04-28,深圳证券交易所
300580,贝斯特,000852,中证1000,2026-04-28,深圳证券交易所
300593,新雷能,000852,中证1000,2026-04-28,深圳证券交易所
300595,欧普康视,000852,中证1000,2026-04-28,深圳证券交易所
300598,诚迈科技,000852,中证1000,2026-04-28,深圳证券交易所
300602,飞荣达,000852,中证1000,2026-04-28,深圳证券交易所
300607,拓斯达,000852,中证1000,2026-04-28,深圳证券交易所
300613,富瀚微,000852,中证1000,2026-04-28,深圳证券交易所
300618,寒锐钴业,000852,中证1000,2026-04-28,深圳证券交易所
300620,光库科技,000852,中证1000,2026-04-28,深圳证券交易所
300624,万兴科技,000852,中证1000,2026-04-28,深圳证券交易所
300633,开立医疗,000852,中证1000,2026-04-28,深圳证券交易所
300634,彩讯股份,000852,中证1000,2026-04-28,深圳证券交易所
300638,广和通,000852,中证1000,2026-04-28,深圳证券交易所
300641,正丹股份,000852,中证1000,2026-04-28,深圳证券交易所
300655,晶瑞电材,000852,中证1000,2026-04-28,深圳证券交易所
300657,弘信电子,000852,中证1000,2026-04-28,深圳证券交易所
300660,江苏雷利,000852,中证1000,2026-04-28,深圳证券交易所
300663,科蓝软件,000852,中证1000,2026-04-28,深圳证券交易所
300666,江丰电子,000852,中证1000,2026-04-28,深圳证券交易所
300672,国科微,000852,中证1000,2026-04-28,深圳证券交易所
300674,宇信科技,000852,中证1000,2026-04-28,深圳证券交易所
300678,中科信息,000852,中证1000,2026-04-28,深圳证券交易所
300682,朗新科技,000852,中证1000,2026-04-28,深圳证券交易所
300685,艾德生物,000852,中证1000,2026-04-28,深圳证券交易所
300687,赛意信息,000852,中证1000,2026-04-28,深圳证券交易所
300693,盛弘股份,000852,中证1000,2026-04-28,深圳证券交易所
300702,天宇股份,000852,中证1000,2026-04-28,深圳证券交易所
300705,九典制药,000852,中证1000,2026-04-28,深圳证券交易所
300723,一品红,000852,中证1000,2026-04-28,深圳证券交易所
300725,药石科技,000852,中证1000,2026-04-28,深圳证券交易所
300726,宏达电子,000852,中证1000,2026-04-28,深圳证券交易所
300738,奥飞数据,000852,中证1000,2026-04-28,深圳证券交易所
300747,锐科激光,000852,中证1000,2026-04-28,深圳证券交易所
300755,华致酒行,000852,中证1000,2026-04-28,深圳证券交易所
300761,立华股份,000852,中证1000,2026-04-28,深圳证券交易所
300762,上海瀚讯,000852,中证1000,2026-04-28,深圳证券交易所
300768,迪普科技,000852,中证1000,2026-04-28,深圳证券交易所
300770,新媒股份,000852,中证1000,2026-04-28,深圳证券交易所
300772,运达股份,000852,中证1000,2026-04-28,深圳证券交易所
300773,拉卡拉,000852,中证1000,2026-04-28,深圳证券交易所
300775,三角防务,000852,中证1000,2026-04-28,深圳证券交易所
300776,帝尔激光,000852,中证1000,2026-04-28,深圳证券交易所
300777,中简科技,000852,中证1000,2026-04-28,深圳证券交易所
300779,惠城环保,000852,中证1000,2026-04-28,深圳证券交易所
300783,三只松鼠,000852,中证1000,2026-04-28,深圳证券交易所
300809,华辰装备,000852,中证1000,2026-04-28,深圳证券交易所
300811,铂科新材,000852,中证1000,2026-04-28,深圳证券交易所
300820,英杰电气,000852,中证1000,2026-04-28,深圳证券交易所
300821,东岳硅材,000852,中证1000,2026-04-28,深圳证券交易所
300827,上能电气,000852,中证1000,2026-04-28,深圳证券交易所
300841,康华生物,000852,中证1000,2026-04-28,深圳证券交易所
300850,新强联,000852,中证1000,2026-04-28,深圳证券交易所
300855,图南股份,000852,中证1000,2026-04-28,深圳证券交易所
300856,科思股份,000852,中证1000,2026-04-28,深圳证券交易所
300861,美畅股份,000852,中证1000,2026-04-28,深圳证券交易所
300870,欧陆通,000852,中证1000,2026-04-28,深圳证券交易所
300910,瑞丰新材,000852,中证1000,2026-04-28,深圳证券交易所
300913,兆龙互连,000852,中证1000,2026-04-28,深圳证券交易所
300917,特发服务,000852,中证1000,2026-04-28,深圳证券交易所
300925,法本信息,000852,中证1000,2026-04-28,深圳证券交易所
300926,博俊科技,000852,中证1000,2026-04-28,深圳证券交易所
300953,震裕科技,000852,中证1000,2026-04-28,深圳证券交易所
301000,肇民科技,000852,中证1000,2026-04-28,深圳证券交易所
301004,嘉益股份,000852,中证1000,2026-04-28,深圳证券交易所
301015,百洋医药,000852,中证1000,2026-04-28,深圳证券交易所
301018,申菱环境,000852,中证1000,2026-04-28,深圳证券交易所
301029,怡合达,000852,中证1000,2026-04-28,深圳证券交易所
301031,中熔电气,000852,中证1000,2026-04-28,深圳证券交易所
301035,润丰股份,000852,中证1000,2026-04-28,深圳证券交易所
301039,中集车辆,000852,中证1000,2026-04-28,深圳证券交易所
301047,义翘神州,000852,中证1000,2026-04-28,深圳证券交易所
301050,雷电微力,000852,中证1000,2026-04-28,深圳证券交易所
301061,匠心家居,000852,中证1000,2026-04-28,深圳证券交易所
301071,力量钻石,000852,中证1000,2026-04-28,深圳证券交易所
301078,孩子王,000852,中证1000,2026-04-28,深圳证券交易所
301087,可孚医疗,000852,中证1000,2026-04-28,深圳证券交易所
301091,深城交,000852,中证1000,2026-04-28,深圳证券交易所
301095,广立微,000852,中证1000,2026-04-28,深圳证券交易所
301101,明月镜片,000852,中证1000,2026-04-28,深圳证券交易所
301109,军信股份,000852,中证1000,2026-04-28,深圳证券交易所
301127,武汉天源,000852,中证1000,2026-04-28,深圳证券交易所
301153,中科江南,000852,中证1000,2026-04-28,深圳证券交易所
301155,海力风电,000852,中证1000,2026-04-28,深圳证券交易所
301171,易点天下,000852,中证1000,2026-04-28,深圳证券交易所
301175,中科环保,000852,中证1000,2026-04-28,深圳证券交易所
301177,迪阿股份,000852,中证1000,2026-04-28,深圳证券交易所
301205,联特科技,000852,中证1000,2026-04-28,深圳证券交易所
301207,华兰疫苗,000852,中证1000,2026-04-28,深圳证券交易所
301215,中汽股份,000852,中证1000,2026-04-28,深圳证券交易所
301217,铜冠铜箔,000852,中证1000,2026-04-28,深圳证券交易所
301219,腾远钴业,000852,中证1000,2026-04-28,深圳证券交易所
301238,瑞泰新材,000852,中证1000,2026-04-28,深圳证券交易所
301262,海看股份,000852,中证1000,2026-04-28,深圳证券交易所
301263,泰恩康,000852,中证1000,2026-04-28,深圳证券交易所
301267,华厦眼科,000852,中证1000,2026-04-28,深圳证券交易所
301268,铭利达,000852,中证1000,2026-04-28,深圳证券交易所
301275,汉朔科技,000852,中证1000,2026-04-28,深圳证券交易所
301291,明阳电气,000852,中证1000,2026-04-28,深圳证券交易所
301293,三博脑科,000852,中证1000,2026-04-28,深圳证券交易所
301297,富乐德,000852,中证1000,2026-04-28,深圳证券交易所
301316,慧博云通,000852,中证1000,2026-04-28,深圳证券交易所
301325,曼恩斯特,000852,中证1000,2026-04-28,深圳证券交易所
301327,华宝新能,000852,中证1000,2026-04-28,深圳证券交易所
301339,通行宝,000852,中证1000,2026-04-28,深圳证券交易所
301345,涛涛车业,000852,中证1000,2026-04-28,深圳证券交易所
301363,美好医疗,000852,中证1000,2026-04-28,深圳证券交易所
301371,敷尔佳,000852,中证1000,2026-04-28,深圳证券交易所
301376,致欧科技,000852,中证1000,2026-04-28,深圳证券交易所
301377,鼎泰高科,000852,中证1000,2026-04-28,深圳证券交易所
301381,赛维时代,000852,中证1000,2026-04-28,深圳证券交易所
301392,汇成真空,000852,中证1000,2026-04-28,深圳证券交易所
301458,钧崴电子,000852,中证1000,2026-04-28,深圳证券交易所
301487,盟固利,000852,中证1000,2026-04-28,深圳证券交易所
301500,飞南资源,000852,中证1000,2026-04-28,深圳证券交易所
301508,中机认检,000852,中证1000,2026-04-28,深圳证券交易所
301510,固高科技,000852,中证1000,2026-04-28,深圳证券交易所
301511,德福科技,000852,中证1000,2026-04-28,深圳证券交易所
301522,上大股份,000852,中证1000,2026-04-28,深圳证券交易所
301526,国际复材,000852,中证1000,2026-04-28,深圳证券交易所
301550,斯菱智驱,000852,中证1000,2026-04-28,深圳证券交易所
301551,无线传媒,000852,中证1000,2026-04-28,深圳证券交易所
301556,托普云农,000852,中证1000,2026-04-28,深圳证券交易所
301565,中仑新材,000852,中证1000,2026-04-28,深圳证券交易所
301571,国科天成,000852,中证1000,2026-04-28,深圳证券交易所
301589,诺瓦星云,000852,中证1000,2026-04-28,深圳证券交易所
301592,六九一二,000852,中证1000,2026-04-28,深圳证券交易所
301600,慧翰股份,000852,中证1000,2026-04-28,深圳证券交易所
301602,超研股份,000852,中证1000,2026-04-28,深圳证券交易所
301606,绿联科技,000852,中证1000,2026-04-28,深圳证券交易所
301622,英思特,000852,中证1000,2026-04-28,深圳证券交易所
301626,苏州天脉,000852,中证1000,2026-04-28,深圳证券交易所
301631,壹连科技,000852,中证1000,2026-04-28,深圳证券交易所
301658,首航新能,000852,中证1000,2026-04-28,深圳证券交易所
301665,泰禾股份,000852,中证1000,2026-04-28,深圳证券交易所
301678,新恒汇,000852,中证1000,2026-04-28,深圳证券交易所
600006,东风股份,000852,中证1000,2026-04-28,上海证券交易所
600012,皖通高速,000852,中证1000,2026-04-28,上海证券交易所
600017,日照港,000852,中证1000,2026-04-28,上海证券交易所
600020,中原高速,000852,中证1000,2026-04-28,上海证券交易所
600022,山东钢铁,000852,中证1000,2026-04-28,上海证券交易所
600033,福建高速,000852,中证1000,2026-04-28,上海证券交易所
600037,歌华有线,000852,中证1000,2026-04-28,上海证券交易所
600055,万东医疗,000852,中证1000,2026-04-28,上海证券交易所
600056,中国医药,000852,中证1000,2026-04-28,上海证券交易所
600057,厦门象屿,000852,中证1000,2026-04-28,上海证券交易所
600058,五矿发展,000852,中证1000,2026-04-28,上海证券交易所
600059,古越龙山,000852,中证1000,2026-04-28,上海证券交易所
600063,皖维高新,000852,中证1000,2026-04-28,上海证券交易所
600064,南京高科,000852,中证1000,2026-04-28,上海证券交易所
600072,中船科技,000852,中证1000,2026-04-28,上海证券交易所
600075,新疆天业,000852,中证1000,2026-04-28,上海证券交易所
600094,大名城,000852,中证1000,2026-04-28,上海证券交易所
600100,同方股份,000852,中证1000,2026-04-28,上海证券交易所
600105,永鼎股份,000852,中证1000,2026-04-28,上海证券交易所
600113,浙江东日,000852,中证1000,2026-04-28,上海证券交易所
600114,东睦股份,000852,中证1000,2026-04-28,上海证券交易所
600116,三峡水利,000852,中证1000,2026-04-28,上海证券交易所
600120,浙江东方,000852,中证1000,2026-04-28,上海证券交易所
600123,兰花科创,000852,中证1000,2026-04-28,上海证券交易所
600125,铁龙物流,000852,中证1000,2026-04-28,上海证券交易所
600129,太极集团,000852,中证1000,2026-04-28,上海证券交易所
600133,东湖高新,000852,中证1000,2026-04-28,上海证券交易所
600151,航天机电,000852,中证1000,2026-04-28,上海证券交易所
600155,华创云信,000852,中证1000,2026-04-28,上海证券交易所
600158,中体产业,000852,中证1000,2026-04-28,上海证券交易所
600163,中闽能源,000852,中证1000,2026-04-28,上海证券交易所
600167,联美控股,000852,中证1000,2026-04-28,上海证券交易所
600179,安通控股,000852,中证1000,2026-04-28,上海证券交易所
600185,珠免集团,000852,中证1000,2026-04-28,上海证券交易所
600186,莲花控股,000852,中证1000,2026-04-28,上海证券交易所
600197,伊力特,000852,中证1000,2026-04-28,上海证券交易所
600201,生物股份,000852,中证1000,2026-04-28,上海证券交易所
600206,有研新材,000852,中证1000,2026-04-28,上海证券交易所
600210,紫江企业,000852,中证1000,2026-04-28,上海证券交易所
600211,西藏药业,000852,中证1000,2026-04-28,上海证券交易所
600216,浙江医药,000852,中证1000,2026-04-28,上海证券交易所
600217,中再资环,000852,中证1000,2026-04-28,上海证券交易所
600223,福瑞达,000852,中证1000,2026-04-28,上海证券交易所
600246,万通发展,000852,中证1000,2026-04-28,上海证券交易所
600248,陕建股份,000852,中证1000,2026-04-28,上海证券交易所
600252,中恒集团,000852,中证1000,2026-04-28,上海证券交易所
600258,首旅酒店,000852,中证1000,2026-04-28,上海证券交易所
600259,中稀有色,000852,中证1000,2026-04-28,上海证券交易所
600266,城建发展,000852,中证1000,2026-04-28,上海证券交易所
600267,海正药业,000852,中证1000,2026-04-28,上海证券交易所
600269,赣粤高速,000852,中证1000,2026-04-28,上海证券交易所
600273,嘉化能源,000852,中证1000,2026-04-28,上海证券交易所
600285,羚锐制药,000852,中证1000,2026-04-28,上海证券交易所
600292,电投水电,000852,中证1000,2026-04-28,上海证券交易所
600301,华锡有色,000852,中证1000,2026-04-28,上海证券交易所
600305,恒顺醋业,000852,中证1000,2026-04-28,上海证券交易所
600315,上海家化,000852,中证1000,2026-04-28,上海证券交易所
600320,振华重工,000852,中证1000,2026-04-28,上海证券交易所
600323,瀚蓝环境,000852,中证1000,2026-04-28,上海证券交易所
600325,华发股份,000852,中证1000,2026-04-28,上海证券交易所
600328,中盐化工,000852,中证1000,2026-04-28,上海证券交易所
600330,天通股份,000852,中证1000,2026-04-28,上海证券交易所
600331,宏达股份,000852,中证1000,2026-04-28,上海证券交易所
600335,国机汽车,000852,中证1000,2026-04-28,上海证券交易所
600338,西藏珠峰,000852,中证1000,2026-04-28,上海证券交易所
600353,旭光电子,000852,中证1000,2026-04-28,上海证券交易所
600361,创新新材,000852,中证1000,2026-04-28,上海证券交易所
600366,宁波韵升,000852,中证1000,2026-04-28,上海证券交易所
600373,中文传媒,000852,中证1000,2026-04-28,上海证券交易所
600388,龙净环保,000852,中证1000,2026-04-28,上海证券交易所
600389,江山股份,000852,中证1000,2026-04-28,上海证券交易所
600395,盘江股份,000852,中证1000,2026-04-28,上海证券交易所
600399,抚顺特钢,000852,中证1000,2026-04-28,上海证券交易所
600403,大有能源,000852,中证1000,2026-04-28,上海证券交易所
600409,三友化工,000852,中证1000,2026-04-28,上海证券交易所
600416,湘电股份,000852,中证1000,2026-04-28,上海证券交易所
600420,国药现代,000852,中证1000,2026-04-28,上海证券交易所
600422,昆药集团,000852,中证1000,2026-04-28,上海证券交易所
600428,中远海特,000852,中证1000,2026-04-28,上海证券交易所
600446,金证股份,000852,中证1000,2026-04-28,上海证券交易所
600452,涪陵电力,000852,中证1000,2026-04-28,上海证券交易所
600456,宝钛股份,000852,中证1000,2026-04-28,上海证券交易所
600458,时代新材,000852,中证1000,2026-04-28,上海证券交易所
600459,贵研铂业,000852,中证1000,2026-04-28,上海证券交易所
600461,洪城环境,000852,中证1000,2026-04-28,上海证券交易所
600475,华光环能,000852,中证1000,2026-04-28,上海证券交易所
600478,科力远,000852,中证1000,2026-04-28,上海证券交易所
600480,凌云股份,000852,中证1000,2026-04-28,上海证券交易所
600490,鹏欣资源,000852,中证1000,2026-04-28,上海证券交易所
600502,安徽建工,000852,中证1000,2026-04-28,上海证券交易所
600507,方大特钢,000852,中证1000,2026-04-28,上海证券交易所
600508,上海能源,000852,中证1000,2026-04-28,上海证券交易所
600509,天富能源,000852,中证1000,2026-04-28,上海证券交易所
600529,山东药玻,000852,中证1000,2026-04-28,上海证券交易所
600531,豫光金铅,000852,中证1000,2026-04-28,上海证券交易所
600550,保变电气,000852,中证1000,2026-04-28,上海证券交易所
600552,凯盛科技,000852,中证1000,2026-04-28,上海证券交易所
600556,天下秀,000852,中证1000,2026-04-28,上海证券交易所
600557,康缘药业,000852,中证1000,2026-04-28,上海证券交易所
600559,老白干酒,000852,中证1000,2026-04-28,上海证券交易所
600572,康恩贝,000852,中证1000,2026-04-28,上海证券交易所
600575,淮河能源,000852,中证1000,2026-04-28,上海证券交易所
600577,精达股份,000852,中证1000,2026-04-28,上海证券交易所
600586,金晶科技,000852,中证1000,2026-04-28,上海证券交易所
600587,新华医疗,000852,中证1000,2026-04-28,上海证券交易所
600595,中孚实业,000852,中证1000,2026-04-28,上海证券交易所
600596,新安股份,000852,中证1000,2026-04-28,上海证券交易所
600597,光明乳业,000852,中证1000,2026-04-28,上海证券交易所
600612,老凤祥,000852,中证1000,2026-04-28,上海证券交易所
600618,氯碱化工,000852,中证1000,2026-04-28,上海证券交易所
600619,海立股份,000852,中证1000,2026-04-28,上海证券交易所
600621,华鑫股份,000852,中证1000,2026-04-28,上海证券交易所
600623,华谊集团,000852,中证1000,2026-04-28,上海证券交易所
600629,华建集团,000852,中证1000,2026-04-28,上海证券交易所
600633,浙数文化,000852,中证1000,2026-04-28,上海证券交易所
600635,大众公用,000852,中证1000,2026-04-28,上海证券交易所
600639,浦东金桥,000852,中证1000,2026-04-28,上海证券交易所
600640,国脉文化,000852,中证1000,2026-04-28,上海证券交易所
600641,先导基电,000852,中证1000,2026-04-28,上海证券交易所
600643,爱建集团,000852,中证1000,2026-04-28,上海证券交易所
600645,中源协和,000852,中证1000,2026-04-28,上海证券交易所
600649,城投控股,000852,中证1000,2026-04-28,上海证券交易所
600651,飞乐音响,000852,中证1000,2026-04-28,上海证券交易所
600654,中安科,000852,中证1000,2026-04-28,上海证券交易所
600657,信达地产,000852,中证1000,2026-04-28,上海证券交易所
600662,外服控股,000852,中证1000,2026-04-28,上海证券交易所
600664,哈药股份,000852,中证1000,2026-04-28,上海证券交易所
600667,太极实业,000852,中证1000,2026-04-28,上海证券交易所
600675,中华企业,000852,中证1000,2026-04-28,上海证券交易所
600682,南京新百,000852,中证1000,2026-04-28,上海证券交易所
600686,金龙汽车,000852,中证1000,2026-04-28,上海证券交易所
600710,苏美达,000852,中证1000,2026-04-28,上海证券交易所
600717,天津港,000852,中证1000,2026-04-28,上海证券交易所
600718,东软集团,000852,中证1000,2026-04-28,上海证券交易所
600726,华电能源,000852,中证1000,2026-04-28,上海证券交易所
600728,佳都科技,000852,中证1000,2026-04-28,上海证券交易所
600729,重庆百货,000852,中证1000,2026-04-28,上海证券交易所
600740,山西焦化,000852,中证1000,2026-04-28,上海证券交易所
600744,华银电力,000852,中证1000,2026-04-28,上海证券交易所
600746,江苏索普,000852,中证1000,2026-04-28,上海证券交易所
600750,华润江中,000852,中证1000,2026-04-28,上海证券交易所
600751,海航科技,000852,中证1000,2026-04-28,上海证券交易所
600757,长江传媒,000852,中证1000,2026-04-28,上海证券交易所
600759,洲际油气,000852,中证1000,2026-04-28,上海证券交易所
600761,安徽合力,000852,中证1000,2026-04-28,上海证券交易所
600771,广誉远,000852,中证1000,2026-04-28,上海证券交易所
600773,西藏城投,000852,中证1000,2026-04-28,上海证券交易所
600776,东方通信,000852,中证1000,2026-04-28,上海证券交易所
600782,新钢股份,000852,中证1000,2026-04-28,上海证券交易所
600783,鲁信创投,000852,中证1000,2026-04-28,上海证券交易所
600787,中储股份,000852,中证1000,2026-04-28,上海证券交易所
600789,鲁抗医药,000852,中证1000,2026-04-28,上海证券交易所
600810,神马股份,000852,中证1000,2026-04-28,上海证券交易所
600812,华北制药,000852,中证1000,2026-04-28,上海证券交易所
600821,金开新能,000852,中证1000,2026-04-28,上海证券交易所
600827,百联股份,000852,中证1000,2026-04-28,上海证券交易所
600835,上海机电,000852,中证1000,2026-04-28,上海证券交易所
600850,电科数字,000852,中证1000,2026-04-28,上海证券交易所
600859,王府井,000852,中证1000,2026-04-28,上海证券交易所
600861,北京人力,000852,中证1000,2026-04-28,上海证券交易所
600864,哈投股份,000852,中证1000,2026-04-28,上海证券交易所
600866,星湖科技,000852,中证1000,2026-04-28,上海证券交易所
600867,通化东宝,000852,中证1000,2026-04-28,上海证券交易所
600869,远东股份,000852,中证1000,2026-04-28,上海证券交易所
600872,中炬高新,000852,中证1000,2026-04-28,上海证券交易所
600877,电科芯片,000852,中证1000,2026-04-28,上海证券交易所
600882,妙可蓝多,000852,中证1000,2026-04-28,上海证券交易所
600888,新疆众和,000852,中证1000,2026-04-28,上海证券交易所
600894,广日股份,000852,中证1000,2026-04-28,上海证券交易所
600903,贵州燃气,000852,中证1000,2026-04-28,上海证券交易所
600908,无锡银行,000852,中证1000,2026-04-28,上海证券交易所
600916,中国黄金,000852,中证1000,2026-04-28,上海证券交易所
600928,西安银行,000852,中证1000,2026-04-28,上海证券交易所
600929,雪天盐业,000852,中证1000,2026-04-28,上海证券交易所
600933,爱柯迪,000852,中证1000,2026-04-28,上海证券交易所
600961,株冶集团,000852,中证1000,2026-04-28,上海证券交易所
600963,岳阳林纸,000852,中证1000,2026-04-28,上海证券交易所
600971,恒源煤电,000852,中证1000,2026-04-28,上海证券交易所
600975,新五丰,000852,中证1000,2026-04-28,上海证券交易所
600986,浙文互联,000852,中证1000,2026-04-28,上海证券交易所
600993,马应龙,000852,中证1000,2026-04-28,上海证券交易所
600996,贵广网络,000852,中证1000,2026-04-28,上海证券交易所
600997,开滦股份,000852,中证1000,2026-04-28,上海证券交易所
601003,柳钢股份,000852,中证1000,2026-04-28,上海证券交易所
601020,华钰矿业,000852,中证1000,2026-04-28,上海证券交易所
601022,宁波远洋,000852,中证1000,2026-04-28,上海证券交易所
601033,永兴股份,000852,中证1000,2026-04-28,上海证券交易所
601038,一拖股份,000852,中证1000,2026-04-28,上海证券交易所
601068,中铝国际,000852,中证1000,2026-04-28,上海证券交易所
601069,西部黄金,000852,中证1000,2026-04-28,上海证券交易所
601083,锦江航运,000852,中证1000,2026-04-28,上海证券交易所
601089,福元医药,000852,中证1000,2026-04-28,上海证券交易所
601096,宏盛华源,000852,中证1000,2026-04-28,上海证券交易所
601101,昊华能源,000852,中证1000,2026-04-28,上海证券交易所
601107,四川成渝,000852,中证1000,2026-04-28,上海证券交易所
601126,四方股份,000852,中证1000,2026-04-28,上海证券交易所
601137,博威合金,000852,中证1000,2026-04-28,上海证券交易所
601163,三角轮胎,000852,中证1000,2026-04-28,上海证券交易所
601187,厦门银行,000852,中证1000,2026-04-28,上海证券交易所
601200,上海环境,000852,中证1000,2026-04-28,上海证券交易所
601208,东材科技,000852,中证1000,2026-04-28,上海证券交易所
601222,林洋能源,000852,中证1000,2026-04-28,上海证券交易所
601311,骆驼股份,000852,中证1000,2026-04-28,上海证券交易所
601326,秦港股份,000852,中证1000,2026-04-28,上海证券交易所
601369,陕鼓动力,000852,中证1000,2026-04-28,上海证券交易所
601375,中原证券,000852,中证1000,2026-04-28,上海证券交易所
601500,通用股份,000852,中证1000,2026-04-28,上海证券交易所
601519,大智慧,000852,中证1000,2026-04-28,上海证券交易所
601528,瑞丰银行,000852,中证1000,2026-04-28,上海证券交易所
601595,上海电影,000852,中证1000,2026-04-28,上海证券交易所
601606,长城军工,000852,中证1000,2026-04-28,上海证券交易所
601609,金田股份,000852,中证1000,2026-04-28,上海证券交易所
601619,嘉泽新能,000852,中证1000,2026-04-28,上海证券交易所
601636,旗滨集团,000852,中证1000,2026-04-28,上海证券交易所
601677,明泰铝业,000852,中证1000,2026-04-28,上海证券交易所
601678,滨化股份,000852,中证1000,2026-04-28,上海证券交易所
601702,华峰铝业,000852,中证1000,2026-04-28,上海证券交易所
601718,际华集团,000852,中证1000,2026-04-28,上海证券交易所
601777,千里科技,000852,中证1000,2026-04-28,上海证券交易所
601778,晶科科技,000852,中证1000,2026-04-28,上海证券交易所
601801,皖新传媒,000852,中证1000,2026-04-28,上海证券交易所
601811,新华文轩,000852,中证1000,2026-04-28,上海证券交易所
601858,中国科传,000852,中证1000,2026-04-28,上海证券交易所
601860,紫金银行,000852,中证1000,2026-04-28,上海证券交易所
601869,长飞光纤,000852,中证1000,2026-04-28,上海证券交易所
601882,海天精工,000852,中证1000,2026-04-28,上海证券交易所
601890,亚星锚链,000852,中证1000,2026-04-28,上海证券交易所
601900,南方传媒,000852,中证1000,2026-04-28,上海证券交易所
601908,京运通,000852,中证1000,2026-04-28,上海证券交易所
601949,中国出版,000852,中证1000,2026-04-28,上海证券交易所
601952,苏垦农发,000852,中证1000,2026-04-28,上海证券交易所
601963,重庆银行,000852,中证1000,2026-04-28,上海证券交易所
601969,海南矿业,000852,中证1000,2026-04-28,上海证券交易所
601975,招商南油,000852,中证1000,2026-04-28,上海证券交易所
603005,晶方科技,000852,中证1000,2026-04-28,上海证券交易所
603009,北特科技,000852,中证1000,2026-04-28,上海证券交易所
603013,亚普股份,000852,中证1000,2026-04-28,上海证券交易所
603014,威高血净,000852,中证1000,2026-04-28,上海证券交易所
603025,大豪科技,000852,中证1000,2026-04-28,上海证券交易所
603026,石大胜华,000852,中证1000,2026-04-28,上海证券交易所
603027,千禾味业,000852,中证1000,2026-04-28,上海证券交易所
603033,三维股份,000852,中证1000,2026-04-28,上海证券交易所
603039,泛微网络,000852,中证1000,2026-04-28,上海证券交易所
603043,广州酒家,000852,中证1000,2026-04-28,上海证券交易所
603055,台华新材,000852,中证1000,2026-04-28,上海证券交易所
603057,紫燕食品,000852,中证1000,2026-04-28,上海证券交易所
603063,禾望电气,000852,中证1000,2026-04-28,上海证券交易所
603072,天和磁材,000852,中证1000,2026-04-28,上海证券交易所
603083,剑桥科技,000852,中证1000,2026-04-28,上海证券交易所
603093,南华期货,000852,中证1000,2026-04-28,上海证券交易所
603099,长白山,000852,中证1000,2026-04-28,上海证券交易所
603100,川仪股份,000852,中证1000,2026-04-28,上海证券交易所
603103,横店影视,000852,中证1000,2026-04-28,上海证券交易所
603108,润达医疗,000852,中证1000,2026-04-28,上海证券交易所
603118,共进股份,000852,中证1000,2026-04-28,上海证券交易所
603119,浙江荣泰,000852,中证1000,2026-04-28,上海证券交易所
603127,昭衍新药,000852,中证1000,2026-04-28,上海证券交易所
603128,华贸物流,000852,中证1000,2026-04-28,上海证券交易所
603162,海通发展,000852,中证1000,2026-04-28,上海证券交易所
603169,兰石重装,000852,中证1000,2026-04-28,上海证券交易所
603171,税友股份,000852,中证1000,2026-04-28,上海证券交易所
603193,润本股份,000852,中证1000,2026-04-28,上海证券交易所
603194,中力股份,000852,中证1000,2026-04-28,上海证券交易所
603197,保隆科技,000852,中证1000,2026-04-28,上海证券交易所
603202,天有为,000852,中证1000,2026-04-28,上海证券交易所
603218,日月股份,000852,中证1000,2026-04-28,上海证券交易所
603219,富佳股份,000852,中证1000,2026-04-28,上海证券交易所
603220,中贝通信,000852,中证1000,2026-04-28,上海证券交易所
603227,雪峰科技,000852,中证1000,2026-04-28,上海证券交易所
603229,奥翔药业,000852,中证1000,2026-04-28,上海证券交易所
603236,移远通信,000852,中证1000,2026-04-28,上海证券交易所
603256,宏和科技,000852,中证1000,2026-04-28,上海证券交易所
603262,技源集团,000852,中证1000,2026-04-28,上海证券交易所
603267,鸿远电子,000852,中证1000,2026-04-28,上海证券交易所
603279,景津装备,000852,中证1000,2026-04-28,上海证券交易所
603283,赛腾股份,000852,中证1000,2026-04-28,上海证券交易所
603297,永新光学,000852,中证1000,2026-04-28,上海证券交易所
603299,苏盐井神,000852,中证1000,2026-04-28,上海证券交易所
603300,海南华铁,000852,中证1000,2026-04-28,上海证券交易所
603305,旭升集团,000852,中证1000,2026-04-28,上海证券交易所
603306,华懋科技,000852,中证1000,2026-04-28,上海证券交易所
603308,应流股份,000852,中证1000,2026-04-28,上海证券交易所
603317,天味食品,000852,中证1000,2026-04-28,上海证券交易所
603323,苏农银行,000852,中证1000,2026-04-28,上海证券交易所
603327,福蓉科技,000852,中证1000,2026-04-28,上海证券交易所
603328,依顿电子,000852,中证1000,2026-04-28,上海证券交易所
603337,杰克科技,000852,中证1000,2026-04-28,上海证券交易所
603355,莱克电气,000852,中证1000,2026-04-28,上海证券交易所
603358,华达科技,000852,中证1000,2026-04-28,上海证券交易所
603360,百傲化学,000852,中证1000,2026-04-28,上海证券交易所
603383,顶点软件,000852,中证1000,2026-04-28,上海证券交易所
603393,新天然气,000852,中证1000,2026-04-28,上海证券交易所
603395,红四方,000852,中证1000,2026-04-28,上海证券交易所
603456,九洲药业,000852,中证1000,2026-04-28,上海证券交易所
603477,巨星农牧,000852,中证1000,2026-04-28,上海证券交易所
603496,恒为科技,000852,中证1000,2026-04-28,上海证券交易所
603505,金石资源,000852,中证1000,2026-04-28,上海证券交易所
603508,思维列控,000852,中证1000,2026-04-28,上海证券交易所
603516,淳中科技,000852,中证1000,2026-04-28,上海证券交易所
603530,神马电力,000852,中证1000,2026-04-28,上海证券交易所
603533,掌阅科技,000852,中证1000,2026-04-28,上海证券交易所
603556,海兴电力,000852,中证1000,2026-04-28,上海证券交易所
603567,珍宝岛,000852,中证1000,2026-04-28,上海证券交易所
603583,捷昌驱动,000852,中证1000,2026-04-28,上海证券交易所
603588,高能环境,000852,中证1000,2026-04-28,上海证券交易所
603599,广信股份,000852,中证1000,2026-04-28,上海证券交易所
603612,索通发展,000852,中证1000,2026-04-28,上海证券交易所
603613,国联股份,000852,中证1000,2026-04-28,上海证券交易所
603619,中曼石油,000852,中证1000,2026-04-28,上海证券交易所
603638,艾迪精密,000852,中证1000,2026-04-28,上海证券交易所
603662,柯力传感,000852,中证1000,2026-04-28,上海证券交易所
603663,三祥新材,000852,中证1000,2026-04-28,上海证券交易所
603667,五洲新春,000852,中证1000,2026-04-28,上海证券交易所
603678,火炬电子,000852,中证1000,2026-04-28,上海证券交易所
603690,至纯科技,000852,中证1000,2026-04-28,上海证券交易所
603693,江苏新能,000852,中证1000,2026-04-28,上海证券交易所
603698,航天工程,000852,中证1000,2026-04-28,上海证券交易所
603713,密尔克卫,000852,中证1000,2026-04-28,上海证券交易所
603730,岱美股份,000852,中证1000,2026-04-28,上海证券交易所
603733,仙鹤股份,000852,中证1000,2026-04-28,上海证券交易所
603809,豪能股份,000852,中证1000,2026-04-28,上海证券交易所
603826,坤彩科技,000852,中证1000,2026-04-28,上海证券交易所
603866,桃李面包,000852,中证1000,2026-04-28,上海证券交易所
603871,嘉友国际,000852,中证1000,2026-04-28,上海证券交易所
603876,鼎胜新材,000852,中证1000,2026-04-28,上海证券交易所
603881,数据港,000852,中证1000,2026-04-28,上海证券交易所
603883,老百姓,000852,中证1000,2026-04-28,上海证券交易所
603887,城地香江,000852,中证1000,2026-04-28,上海证券交易所
603888,新华网,000852,中证1000,2026-04-28,上海证券交易所
603915,国茂股份,000852,中证1000,2026-04-28,上海证券交易所
603919,金徽酒,000852,中证1000,2026-04-28,上海证券交易所
603983,丸美生物,000852,中证1000,2026-04-28,上海证券交易所
603997,继峰股份,000852,中证1000,2026-04-28,上海证券交易所
605009,豪悦护理,000852,中证1000,2026-04-28,上海证券交易所
605011,杭州热电,000852,中证1000,2026-04-28,上海证券交易所
605020,永和股份,000852,中证1000,2026-04-28,上海证券交易所
605090,九丰能源,000852,中证1000,2026-04-28,上海证券交易所
605099,共创草坪,000852,中证1000,2026-04-28,上海证券交易所
605111,新洁能,000852,中证1000,2026-04-28,上海证券交易所
605116,奥锐特,000852,中证1000,2026-04-28,上海证券交易所
605118,力鼎光电,000852,中证1000,2026-04-28,上海证券交易所
605123,派克新材,000852,中证1000,2026-04-28,上海证券交易所
605198,安德利,000852,中证1000,2026-04-28,上海证券交易所
605296,神农集团,000852,中证1000,2026-04-28,上海证券交易所
605333,沪光股份,000852,中证1000,2026-04-28,上海证券交易所
605376,博迁新材,000852,中证1000,2026-04-28,上海证券交易所
605507,国邦医药,000852,中证1000,2026-04-28,上海证券交易所
605555,德昌股份,000852,中证1000,2026-04-28,上海证券交易所
605599,菜百股份,000852,中证1000,2026-04-28,上海证券交易所
688001,华兴源创,000852,中证1000,2026-04-28,上海证券交易所
688003,天准科技,000852,中证1000,2026-04-28,上海证券交易所
688005,容百科技,000852,中证1000,2026-04-28,上海证券交易所
688006,杭可科技,000852,中证1000,2026-04-28,上海证券交易所
688007,光峰科技,000852,中证1000,2026-04-28,上海证券交易所
688016,心脉医疗,000852,中证1000,2026-04-28,上海证券交易所
688029,南微医学,000852,中证1000,2026-04-28,上海证券交易所
688032,禾迈股份,000852,中证1000,2026-04-28,上海证券交易所
688048,长光华芯,000852,中证1000,2026-04-28,上海证券交易所
688050,爱博医疗,000852,中证1000,2026-04-28,上海证券交易所
688062,迈威生物,000852,中证1000,2026-04-28,上海证券交易所
688063,派能科技,000852,中证1000,2026-04-28,上海证券交易所
688068,热景生物,000852,中证1000,2026-04-28,上海证券交易所
688083,中望软件,000852,中证1000,2026-04-28,上海证券交易所
688088,虹软科技,000852,中证1000,2026-04-28,上海证券交易所
688091,上海谊众,000852,中证1000,2026-04-28,上海证券交易所
688097,博众精工,000852,中证1000,2026-04-28,上海证券交易所
688106,金宏气体,000852,中证1000,2026-04-28,上海证券交易所
688107,安路科技,000852,中证1000,2026-04-28,上海证券交易所
688110,东芯股份,000852,中证1000,2026-04-28,上海证券交易所
688116,天奈科技,000852,中证1000,2026-04-28,上海证券交易所
688123,聚辰股份,000852,中证1000,2026-04-28,上海证券交易所
688127,蓝特光学,000852,中证1000,2026-04-28,上海证券交易所
688128,中国电研,000852,中证1000,2026-04-28,上海证券交易所
688131,皓元医药,000852,中证1000,2026-04-28,上海证券交易所
688139,海尔生物,000852,中证1000,2026-04-28,上海证券交易所
688141,杰华特,000852,中证1000,2026-04-28,上海证券交易所
688146,中船特气,000852,中证1000,2026-04-28,上海证券交易所
688147,微导纳米,000852,中证1000,2026-04-28,上海证券交易所
688150,莱特光电,000852,中证1000,2026-04-28,上海证券交易所
688153,唯捷创芯,000852,中证1000,2026-04-28,上海证券交易所
688158,优刻得,000852,中证1000,2026-04-28,上海证券交易所
688165,埃夫特,000852,中证1000,2026-04-28,上海证券交易所
688177,百奥泰,000852,中证1000,2026-04-28,上海证券交易所
688182,灿勤科技,000852,中证1000,2026-04-28,上海证券交易所
688185,康希诺,000852,中证1000,2026-04-28,上海证券交易所
688190,云路股份,000852,中证1000,2026-04-28,上海证券交易所
688200,华峰测控,000852,中证1000,2026-04-28,上海证券交易所
688205,德科立,000852,中证1000,2026-04-28,上海证券交易所
688206,概伦电子,000852,中证1000,2026-04-28,上海证券交易所
688208,道通科技,000852,中证1000,2026-04-28,上海证券交易所
688209,英集芯,000852,中证1000,2026-04-28,上海证券交易所
688232,新点软件,000852,中证1000,2026-04-28,上海证券交易所
688252,天德钰,000852,中证1000,2026-04-28,上海证券交易所
688262,国芯科技,000852,中证1000,2026-04-28,上海证券交易所
688270,ST臻镭,000852,中证1000,2026-04-28,上海证券交易所
688276,百克生物,000852,中证1000,2026-04-28,上海证券交易所
688279,峰岹科技,000852,中证1000,2026-04-28,上海证券交易所
688289,圣湘生物,000852,中证1000,2026-04-28,上海证券交易所
688300,联瑞新材,000852,中证1000,2026-04-28,上海证券交易所
688306,均普智能,000852,中证1000,2026-04-28,上海证券交易所
688313,仕佳光子,000852,中证1000,2026-04-28,上海证券交易所
688321,微芯生物,000852,中证1000,2026-04-28,上海证券交易所
688326,经纬恒润,000852,中证1000,2026-04-28,上海证券交易所
688327,云从科技,000852,中证1000,2026-04-28,上海证券交易所
688331,荣昌生物,000852,中证1000,2026-04-28,上海证券交易所
688332,中科蓝讯,000852,中证1000,2026-04-28,上海证券交易所
688333,铂力特,000852,中证1000,2026-04-28,上海证券交易所
688337,普源精电,000852,中证1000,2026-04-28,上海证券交易所
688343,云天励飞,000852,中证1000,2026-04-28,上海证券交易所
688348,昱能科技,000852,中证1000,2026-04-28,上海证券交易所
688351,微电生理,000852,中证1000,2026-04-28,上海证券交易所
688352,颀中科技,000852,中证1000,2026-04-28,上海证券交易所
688362,甬矽电子,000852,中证1000,2026-04-28,上海证券交易所
688372,伟测科技,000852,中证1000,2026-04-28,上海证券交易所
688380,中微半导,000852,中证1000,2026-04-28,上海证券交易所
688382,益方生物,000852,中证1000,2026-04-28,上海证券交易所
688390,固德威,000852,中证1000,2026-04-28,上海证券交易所
688400,凌云光,000852,中证1000,2026-04-28,上海证券交易所
688403,汇成股份,000852,中证1000,2026-04-28,上海证券交易所
688408,中信博,000852,中证1000,2026-04-28,上海证券交易所
688409,富创精密,000852,中证1000,2026-04-28,上海证券交易所
688432,有研硅,000852,中证1000,2026-04-28,上海证券交易所
688433,华曙高科,000852,中证1000,2026-04-28,上海证券交易所
688439,振华风光,000852,中证1000,2026-04-28,上海证券交易所
688443,智翔金泰,000852,中证1000,2026-04-28,上海证券交易所
688484,南芯科技,000852,中证1000,2026-04-28,上海证券交易所
688486,龙迅股份,000852,中证1000,2026-04-28,上海证券交易所
688498,源杰科技,000852,中证1000,2026-04-28,上海证券交易所
688502,茂莱光学,000852,中证1000,2026-04-28,上海证券交易所
688503,聚和材料,000852,中证1000,2026-04-28,上海证券交易所
688515,裕太微,000852,中证1000,2026-04-28,上海证券交易所
688516,奥特维,000852,中证1000,2026-04-28,上海证券交易所
688519,南亚新材,000852,中证1000,2026-04-28,上海证券交易所
688522,纳睿雷达,000852,中证1000,2026-04-28,上海证券交易所
688523,航天环宇,000852,中证1000,2026-04-28,上海证券交易所
688536,思瑞浦,000852,中证1000,2026-04-28,上海证券交易所
688543,国科军工,000852,中证1000,2026-04-28,上海证券交易所
688548,广钢气体,000852,中证1000,2026-04-28,上海证券交易所
688549,中巨芯,000852,中证1000,2026-04-28,上海证券交易所
688552,航天南湖,000852,中证1000,2026-04-28,上海证券交易所
688559,海目星,000852,中证1000,2026-04-28,上海证券交易所
688567,孚能科技,000852,中证1000,2026-04-28,上海证券交易所
688575,亚辉龙,000852,中证1000,2026-04-28,上海证券交易所
688584,上海合晶,000852,中证1000,2026-04-28,上海证券交易所
688586,江航装备,000852,中证1000,2026-04-28,上海证券交易所
688591,泰凌微,000852,中证1000,2026-04-28,上海证券交易所
688596,正帆科技,000852,中证1000,2026-04-28,上海证券交易所
688612,威迈斯,000852,中证1000,2026-04-28,上海证券交易所
688630,芯碁微装,000852,中证1000,2026-04-28,上海证券交易所
688631,莱斯信息,000852,中证1000,2026-04-28,上海证券交易所
688639,华恒生物,000852,中证1000,2026-04-28,上海证券交易所
688652,京仪装备,000852,中证1000,2026-04-28,上海证券交易所
688658,悦康药业,000852,中证1000,2026-04-28,上海证券交易所
688660,电气风电,000852,中证1000,2026-04-28,上海证券交易所
688686,奥普特,000852,中证1000,2026-04-28,上海证券交易所
688690,纳微科技,000852,中证1000,2026-04-28,上海证券交易所
688696,极米科技,000852,中证1000,2026-04-28,上海证券交易所
688698,伟创电气,000852,中证1000,2026-04-28,上海证券交易所
688700,东威科技,000852,中证1000,2026-04-28,上海证券交易所
688717,艾罗能源,000852,中证1000,2026-04-28,上海证券交易所
688726,拉普拉斯,000852,中证1000,2026-04-28,上海证券交易所
688739,成大生物,000852,中证1000,2026-04-28,上海证券交易所
688766,普冉股份,000852,中证1000,2026-04-28,上海证券交易所
688776,国光电气,000852,中证1000,2026-04-28,上海证券交易所
688779,五矿新能,000852,中证1000,2026-04-28,上海证券交易所
688789,宏华数科,000852,中证1000,2026-04-28,上海证券交易所
688798,艾为电子,000852,中证1000,2026-04-28,上海证券交易所
688800,瑞可达,000852,中证1000,2026-04-28,上海证券交易所
